source_ip,failed_attempts,country
185.118.79.30,909,Latvia
139.59.104.66,604,Singapore
94.26.68.54,179,Bulgaria
109.205.211.117,146,Azerbaijan
152.53.143.216,104,Austria
98.101.34.22,94,United States
152.53.140.132,93,Austria
152.53.141.28,83,Austria
31.58.236.3,74,Türkiye
112.213.120.167,60,Hong Kong
118.139.166.153,54,Singapore
31.58.236.41,54,Türkiye
185.213.156.149,45,Russia
203.163.247.74,42,India
222.165.241.117,40,Indonesia
14.235.99.11,39,Vietnam
165.101.126.88,37,Pakistan
181.176.62.72,37,Peru
180.211.96.58,36,India
192.109.200.9,35,Bulgaria
222.165.234.60,35,Indonesia
152.32.145.67,33,Japan
36.108.171.228,31,China
203.194.110.30,30,India
179.184.46.161,30,Brazil
68.178.160.239,26,United States
43.99.45.48,25,Hong Kong
103.94.238.126,25,Indonesia
45.142.107.204,25,The Netherlands
8.213.224.4,24,Thailand
160.30.160.196,24,Vietnam
45.42.214.11,24,United States
160.30.160.195,22,Vietnam
2.58.203.107,22,United Kingdom
115.190.36.97,22,China
103.15.222.254,22,Vietnam
45.129.98.227,22,Ukraine
102.210.148.192,22,South Africa
36.156.154.52,21,China
115.190.143.11,21,China
202.164.134.245,21,India
8.39.235.79,21,United States
172.93.212.159,21,United States
121.28.167.10,21,China
160.30.160.205,20,Vietnam
83.168.110.175,20,Poland
114.79.151.113,20,India
149.88.80.79,20,Hong Kong
47.79.138.103,20,Japan
117.72.215.29,19,China
103.119.17.14,19,Hong Kong
113.160.130.228,19,Vietnam
47.83.169.110,18,Hong Kong
160.191.29.170,18,India
45.77.134.169,18,Japan
58.214.29.146,17,China
196.139.141.179,17,Egypt
43.226.36.124,16,China
152.32.185.41,16,Hong Kong
156.227.237.30,16,Seychelles
43.156.29.142,16,Singapore
222.132.26.84,16,China
133.18.165.183,16,Japan
103.96.16.89,15,India
156.227.235.164,15,Seychelles
14.99.193.94,14,India
160.30.160.181,14,Vietnam
152.32.191.20,14,Hong Kong
192.227.144.52,14,United States
23.145.248.15,14,United States
88.135.73.16,14,United States
222.88.163.135,13,China
161.248.239.112,13,Vietnam
160.30.160.183,13,Vietnam
160.30.160.204,13,Vietnam
185.53.209.226,13,United States
160.30.160.182,13,Vietnam
154.197.69.31,13,Thailand
160.30.160.208,13,Vietnam
120.79.222.243,13,China
160.30.160.192,13,Vietnam
133.18.221.82,13,Japan
103.17.119.133,13,Hong Kong
160.30.160.209,12,Vietnam
47.243.116.54,12,Hong Kong
47.243.224.67,12,Hong Kong
8.218.207.228,12,Hong Kong
160.30.160.207,12,Vietnam
160.30.160.189,12,Vietnam
116.118.4.44,12,Vietnam
182.73.186.139,11,India
160.30.160.210,11,Vietnam
43.163.92.104,11,Singapore
160.30.160.197,11,Vietnam
103.210.236.16,11,Hong Kong
154.70.82.24,11,Togo
115.190.128.141,11,China
223.108.176.162,11,China
113.62.129.20,11,China
154.83.12.74,11,Seychelles
190.92.175.209,11,India
14.143.8.238,10,India
160.30.160.194,10,Vietnam
114.215.179.7,10,China
154.72.195.50,10,Uganda
117.72.40.174,10,China
103.160.212.109,10,Indonesia
191.25.234.9,10,Brazil
209.126.80.127,9,United States
47.108.152.113,9,China
103.166.183.65,9,Vietnam
85.239.244.223,9,United States
194.87.248.220,9,Russia
133.18.220.155,9,Japan
108.61.160.222,9,Japan
47.243.64.124,8,Hong Kong
36.151.144.79,8,China
194.163.180.244,8,France
160.30.160.206,8,Vietnam
47.242.135.114,8,Hong Kong
8.219.255.177,8,Singapore
160.30.160.190,8,Vietnam
160.30.160.193,8,Vietnam
103.27.179.220,8,Hong Kong
47.112.208.109,7,China
112.48.17.218,7,China
77.91.97.16,6,Georgia
103.185.185.251,6,Vietnam
43.99.104.63,6,Hong Kong
185.51.206.78,5,Saudi Arabia
85.117.239.172,5,Türkiye
185.126.239.8,5,Russia
8.210.4.144,5,Hong Kong
220.135.172.34,5,Taiwan
116.142.99.142,5,China
118.193.40.170,5,Hong Kong
173.212.220.89,5,France
147.93.183.36,5,United States
49.73.235.4,5,China
102.129.138.199,5,Thailand
115.190.155.53,5,China
59.95.97.197,5,India
106.13.136.174,5,China
125.74.27.172,5,China
185.191.166.3,5,Kosovo
123.145.76.147,4,China
5.181.124.116,4,United Kingdom
169.197.113.134,4,United Kingdom
162.251.122.120,4,United States
217.77.11.99,4,United States
103.194.107.153,3,Hong Kong
101.126.135.132,3,China
114.134.184.68,3,Hong Kong
115.191.5.211,3,China
103.194.106.140,3,Hong Kong
47.83.227.93,3,Hong Kong
181.215.226.110,3,United Kingdom
189.27.28.100,3,Brazil
43.139.0.64,3,China
123.253.61.230,2,Thailand
115.190.138.181,2,China
86.38.225.83,2,United States
43.136.32.80,2,China
80.65.208.202,2,India
14.194.75.138,2,India
151.80.35.225,1,France
133.18.211.180,1,Japan
102.88.21.214,1,Nigeria
115.191.20.89,1,China
37.143.61.51,1,United Kingdom
62.146.169.114,1,United States
115.190.170.6,1,China
147.93.182.96,1,United States
43.138.149.55,1,China
103.194.106.68,1,Hong Kong
47.86.27.221,1,Hong Kong
